id;name_de;name_en;name_fr;code
0;Alle;All;Tout;All
1521;Phantomkräfte;Phantom Forces;Vigueur Spectrale;Phantom-Forces
1523;Basis;Base Set;Set de Base;Base-Set
1525;Dschungel;Jungle;Jungle;Jungle
1526;Fossil;Fossil;Fossile;Fossil
1527;Base Set 2;Base Set 2;Base Set 2;Base-Set-2
1528;Team Rocket;Team Rocket;Team Rocket;Team-Rocket
1529;Gym Heroes;Gym Heroes;Gym Heroes;Gym-Heroes
1530;Gym Challenge;Gym Challenge;Gym Challenge;Gym-Challenge
1531;Neo Genesis;Neo Genesis;Neo Genesis;Neo-Genesis
1532;Neo Entdeckung;Neo Discovery;Neo Discovery;Neo-Discovery
1533;Neo Revelation;Neo Revelation;Neo Revelation;Neo-Revelation
1534;Neo Destiny;Neo Destiny;Neo Destiny;Neo-Destiny
1535;Legendary Collection;Legendary Collection;Legendary Collection;Legendary-Collection
1536;Expedition;Expedition Base Set;Expedition;Expedition-Base-Set
1537;Aquapolis;Aquapolis;Aquapolis;Aquapolis
1538;Skyridge;Skyridge;Skyridge;Skyridge
1539;EX Rubin &amp; Saphir;EX Ruby &amp; Sapphire;EX Rubis &amp; Saphir;EX-Ruby-amp-Sapphire
1540;EX Sandsturm;EX Sandstorm;EX Tempête de sable;EX-Sandstorm
1541;EX Drache;EX Dragon;EX Dragon;EX-Dragon
1542;EX Team Magma vs Team Aqua;EX Team Magma vs Team Aqua;EX Team Magma vs Team Aqua;EX-Team-Magma-vs-Team-Aqua
1543;EX Hidden Legends;EX Hidden Legends;EX Légendes Oubliées;EX-Hidden-Legends
1544;EX Feuerrot &amp; Blattgrün;EX FireRed &amp; LeafGreen;EX Rouge Feu &amp; Vert Feuille;EX-FireRed-amp-LeafGreen
1545;EX Team Rocket Returns;EX Team Rocket Returns;EX Team Rocket Returns;EX-Team-Rocket-Returns
1546;EX Deoxys;EX Deoxys;EX Deoxys;EX-Deoxys
1547;EX Smaragd;EX Emerald;EX Émeraude;EX-Emerald
1548;EX Verborgene Mächte;EX Unseen Forces;EX Forces Cachées;EX-Unseen-Forces
1549;EX Delta Species;EX Delta Species;EX Espèces Delta;EX-Delta-Species
1550;EX Legend Maker;EX Legend Maker;EX Créateurs de légendes;EX-Legend-Maker
1551;EX Holon Phantoms;EX Holon Phantoms;EX Fantômes Holon;EX-Holon-Phantoms
1552;EX Crystal Guardians;EX Crystal Guardians;EX Gardiens de Cristal;EX-Crystal-Guardians
1553;EX Dragon Frontiers;EX Dragon Frontiers;EX Île des Dragons;EX-Dragon-Frontiers
1554;EX Power Keepers;EX Power Keepers;EX Gardiens du Pouvoir;EX-Power-Keepers
1555;Diamant &amp; Perl;Diamond &amp; Pearl;Diamant &amp; Perle;Diamond-amp-Pearl
1556;Geheimnisvolle Schätze;Mysterious Treasures;Trésors Mystérieux;Mysterious-Treasures
1557;Rätselhafte Wunder;Secret Wonders;Merveilles Secrètes;Secret-Wonders
1558;Epische Begegnungen;Great Encounters;Duels au sommet;Great-Encounters
1559;Majestätischer Morgen;Majestic Dawn;Aube Majestueuse;Majestic-Dawn
1560;Erwachte Legenden;Legends Awakened;Éveil des Légendes;Legends-Awakened
1561;Sturmtief;Stormfront;Tempête;Stormfront
1562;Platin;Platinum;Platine;Platinum
1563;Aufstieg der Rivalen;Rising Rivals;Rivaux Émergeants;Rising-Rivals
1564;Ultimative Sieger;Supreme Victors;Vainqueurs Suprêmes;Supreme-Victors
1565;Arceus;Arceus;Arceus;Arceus
1566;HeartGold &amp; SoulSilver;HeartGold &amp; SoulSilver;HeartGold &amp; SoulSilver;HeartGold-amp-SoulSilver
1567;Entfesselt;Unleashed;Déchaînement;Unleashed
1568;Unerschrocken;Undaunted;Indomptable;Undaunted
1569;Triumph;Triumphant;Triomphe;Triumphant
1570;Ruf der Legenden;Call of Legends;L'Appel des Légendes;Call-of-Legends
1571;Schwarz &amp; Weiß;Black &amp; White;Noir &amp; Blanc;Black-amp-White
1572;Aufstreben der Mächtigen;Emerging Powers;Pouvoirs Émergents;Emerging-Powers
1573;Königliche Siege;Noble Victories;Nobles Victoires;Noble-Victories
1574;Kommende Schicksale;Next Destinies;Destinées Futures;Next-Destinies
1575;Erforscher der Finsternis;Dark Explorers;Explorateurs Obscurs;Dark-Explorers
1576;Hoheit der Drachen;Dragons Exalted;Dragons Exaltés;Dragons-Exalted
1577;Überschrittene Schwellen;Boundaries Crossed;Frontières Franchies;Boundaries-Crossed
1578;Plasma-Sturm;Plasma Storm;Tempête Plasma;Plasma-Storm
1579;Plasma-Frost;Plasma Freeze;Glaciation Plasma;Plasma-Freeze
1580;Plasma-Blaster;Plasma Blast;Explosion Plasma;Plasma-Blast
1581;Legendary Treasures;Legendary Treasures;Legendary Treasures;Legendary-Treasures
1582;XY;XY;XY;XY
1583;Flammenmeer;Flashfire;Étincelles;Flashfire
1584;Fliegende Fäuste;Furious Fists;Poings Furieux;Furious-Fists
1585;Protoschock;Primal Clash;Primo-Choc;Primal-Clash
1605;Best of Game Cards Promos;Best of Game Cards Promos;Best of Game Cards Promos;Best-of-Game-Cards-Promos
1606;"W" Promos;"W" Promos;"W" Promos;W-Promos
1607;Wizards Black Star Promos;Wizards Black Star Promos;Wizards Black Star Promos;Wizards-Black-Star-Promos
1608;Nintendo Black Star Promos;Nintendo Black Star Promos;Nintendo Black Star Promos;Nintendo-Black-Star-Promos
1609;DP Black Star Promos;DP Black Star Promos;DP Black Star Promos;DP-Black-Star-Promos
1610;HGSS Black Star Promos;HGSS Black Star Promos;HGSS Black Star Promos;HGSS-Black-Star-Promos
1611;BW Black Star Promos;BW Black Star Promos;BW Black Star Promos;BW-Black-Star-Promos
1612;XY Black Star Promos;XY Black Star Promos;XY Black Star Promos;XY-Black-Star-Promos
1613;POP Series 1;POP Series 1;POP Series 1;POP-Series-1
1614;POP Series 2;POP Series 2;POP Series 2;POP-Series-2
1615;POP Series 3;POP Series 3;POP Series 3;POP-Series-3
1616;POP Series 4;POP Series 4;POP Series 4;POP-Series-4
1617;POP Series 5;POP Series 5;POP Series 5;POP-Series-5
1618;POP Series 6;POP Series 6;POP Series 6;POP-Series-6
1619;POP Series 7;POP Series 7;POP Series 7;POP-Series-7
1620;POP Series 8;POP Series 8;POP Series 8;POP-Series-8
1621;POP Series 9;POP Series 9;POP Series 9;POP-Series-9
1622;Burger King DP Promos 2008;Burger King DP Promos 2008;Burger King DP Promos 2008;Burger-King-DP-Promos-2008
1623;McDonald's Collection 2011;McDonald's Collection 2011;McDonald's Collection 2011;McDonalds-Collection-2011
1624;McDonald's Collection 2012;McDonald's Collection 2012;McDonald's Collection 2012;McDonalds-Collection-2012
1625;McDonald's Collection 2014;McDonald's Collection 2014;McDonald's Collection 2014;McDonalds-Collection-2014
1626;EX Trainer Kit;EX Trainer Kit;EX Kit Dresseur;EX-Trainer-Kit
1627;EX Trainer Kit 2;EX Trainer Kit 2;EX Kit Dresseur 2;EX-Trainer-Kit-2
1628;DP Trainer Kit;DP Trainer Kit;DP Kit Dresseur;DP-Trainer-Kit
1629;HS Trainer Kit;HS Trainer Kit;HS Kit du Dresseur;HS-Trainer-Kit
1630;BW Trainer Kit;BW Trainer Kit;BW Kit du Dresseur;BW-Trainer-Kit
1631;XY Trainer Kit;XY Trainer Kit;XY Kit du Dresseur;XY-Trainer-Kit
1632;XY Trainer Kit: Bisharp &amp; Wigglytuff;XY Trainer Kit: Bisharp &amp; Wigglytuff;XY Kit du Dresseur: Scalproie &amp; Grodoudou;XY-Trainer-Kit-Bisharp-amp-Wigglytuff
1633;Southern Islands;Southern Islands;Southern Islands;Southern-Islands
1634;Pokémon Rumble;Pokémon Rumble;Pokémon Rumble;Pokmon-Rumble
1636;Dragon Vault;Dragon Vault;Coffre des Dragons;Dragon-Vault
1637;XY Kalos Starter Set;XY Kalos Starter Set;XY Kalos Starter Set;XY-Kalos-Starter-Set
1645;Pokémon Products;Pokémon Products;Pokémon Products;Pokmon-Products
1648;Doppeltes Dilemma;Double Crisis;Double Danger;Double-Crisis
1649;Drachenleuchten;Roaring Skies;Ciel Rugissant;Roaring-Skies
1660;Ewiger Anfang;Ancient Origins;Origines Antiques;Ancient-Origins
1678;TURBOstart;BREAKthrough;Impulsion TURBO;BREAKthrough
1683;XY Trainer Kit: Latias &amp; Latios;XY Trainer Kit: Latias &amp; Latios;XY Kit du Dresseur: Latias &amp; Latios;XY-Trainer-Kit-Latias-amp-Latios
1687;TURBOfieber;BREAKpoint;Rupture TURBO;BREAKpoint
1693;Generationen;Generations;Générations;Generations
1706;Schicksalsschmiede;Fates Collide;Fates Collide;Fates-Collide
1707;XY Trainer Kit: Pikachu Libre &amp; Suicune;XY Trainer Kit: Pikachu Libre &amp; Suicune;XY Kit du Dresseur: Pikachu Libre &amp; Suicune;XY-Trainer-Kit-Pikachu-Libre-amp-Suicune
1716;Steam Siege;Steam Siege;Steam Siege;Steam-Siege
1741;McDonald's Collection 2015;McDonald's Collection 2015;McDonald's Collection 2015;McDonalds-Collection-2015
1742;Evolution;Evolutions;Évolutions;Evolutions
1745;Sonne &amp; Mond;Sun &amp; Moon;Soleil et Lune;Sun-amp-Moon
1752;McDonald's Collection 2016;McDonald's Collection 2016;McDonald's Collection 2016;McDonalds-Collection-2016
1753;WCD 2004;WCD 2004;WCD 2004;WCD-2004
1754;WCD 2005;WCD 2005;WCD 2005;WCD-2005
1755;WCD 2006;WCD 2006;WCD 2006;WCD-2006
1756;WCD 2007;WCD 2007;WCD 2007;WCD-2007
1757;SM Black Star Promos;SM Black Star Promos;SM Black Star Promos;SM-Black-Star-Promos
1758;SM Trainer Kit: Lycanroc &amp; Alolan Raichu;SM Trainer Kit: Lycanroc &amp; Alolan Raichu;SM Kit du Dresseur: Lycanroc &amp; Alolan Raichu;SM-Trainer-Kit-Lycanroc-amp-Alolan-Raichu
1800;Stunde der Wächter;Guardians Rising;Gardiens Ascendants;Guardians-Rising
1824;Nacht in Flammen;Burning Shadows;Ombres Ardentes;Burning-Shadows
1842;Schimmernde Legenden;Shining Legends;Légendes Brillantes;Shining-Legends
1843;Aufziehen der Sturmröte;Crimson Invasion;Invasion Carmin;Crimson-Invasion
1845;McDonald's Collection 2017;McDonald's Collection 2017;McDonald's Collection 2017;McDonalds-Collection-2017
2026;WCD 2010;WCD 2010;WCD 2010;WCD-2010
2027;WCD 2008;WCD 2008;WCD 2008;WCD-2008
2028;WCD 2009;WCD 2009;WCD 2009;WCD-2009
2029;WCD 2015;WCD 2015;WCD 2015;WCD-2015
2065;Ultra Prisma;Ultra Prism;Ultra Prisme;Ultra-Prism
2070;SM Trainer Kit: Alolan Sandslash &amp; Alolan Ninetales;SM Trainer Kit: Alolan Sandslash &amp; Alolan Ninetales;SM Kit du Dresseur:: Alolan Sandslash &amp; Alolan Ninetales;SM-Trainer-Kit-Alolan-Sandslash-amp-Alolan-Ninetales
2075;Grauen der Lichtfinsternis;Forbidden Light;Lumière Interdite;Forbidden-Light
2107;Promos;Promos;Promos;Promos
2320;Sturm am Firmament;Celestial Storm;Tempête Céleste;Celestial-Storm
2351;Majestät der Drachen;Dragon Majesty;Majesté des Dragons;Dragon-Majesty
2352;McDonald's Collection 2013;McDonald's Collection 2013;McDonald's Collection 2013;McDonalds-Collection-2013
2361;McDonald's Collection 2018 FR;McDonald's Collection 2018 FR;McDonald's Collection 2018 FR;McDonalds-Collection-2018-FR
2370;Lost Thunder;Lost Thunder;Lost Thunder;Lost-Thunder
2393;WCD 2017;WCD 2017;WCD 2017;WCD-2017
2394;WCD 2016;WCD 2016;WCD 2016;WCD-2016
2395;WCD 2011;WCD 2011;WCD 2011;WCD-2011
2396;WCD 2018;WCD 2018;WCD 2018;WCD-2018
2404;McDonald's Collection 2018;McDonald's Collection 2018;McDonald's Collection 2018;McDonalds-Collection-2018
2407;Team Up;Team Up;Team Up;Team-Up
2437;Unbroken Bonds;Unbroken Bonds;Unbroken Bonds;Unbroken-Bonds
2438;Meisterdetektiv Pikachu;Detective Pikachu;Détective Pikachu;Detective-Pikachu
2487;Unified Minds;Unified Minds;Harmonie des Esprits;Unified-Minds
2514;Verborgenes Schicksal;Hidden Fates;Destinées Occultes;Hidden-Fates
2644;Welten im Wandel;Cosmic Eclipse;Éclipse Cosmique;Cosmic-Eclipse
2739;WCD 2019;WCD 2019;WCD 2019;WCD-2019
2744;WCD 2013;WCD 2013;WCD 2013;WCD-2013
2749;WCD 2012;WCD 2012;WCD 2012;WCD-2012
2754;WCD 2014;WCD 2014;WCD 2014;WCD-2014
2829;McDonald's Collection 2019;McDonald's Collection 2019;McDonald's Collection 2019;McDonalds-Collection-2019
2916;SWSH Black Star Promos;SWSH Black Star Promos;SWSH Black Star Promos;SWSH-Black-Star-Promos
2921;Schwert &amp; Schild;Sword &amp; Shield;Épée et Bouclier;Sword-amp-Shield
3108;Professor Program;Professor Program;Professor Program;Professor-Program
3143;Clash der Rebellen;Rebel Clash;Clash des Rebelles;Rebel-Clash
3199;Flammende Finsternis;Darkness Ablaze;Ténèbres Embrasées;Darkness-Ablaze
3214;Sword &amp; Shield Promos;Sword &amp; Shield Promos;Sword &amp; Shield Promos;Sword-amp-Shield-Promos
3219;Explosive Flame Walker;Explosive Flame Walker;Explosive Flame Walker;Explosive-Flame-Walker
3274;Infinity Zone;Infinity Zone;Infinity Zone;Infinity-Zone
3279;Rebellion Crash;Rebellion Crash;Rebellion Crash;Rebellion-Crash
3284;VMAX Rising;VMAX Rising;VMAX Rising;VMAX-Rising
3289;Sword;Sword;Sword;Sword
3294;Shield;Shield;Shield;Shield
3324;Sun &amp; Moon Promos;Sun &amp; Moon Promos;Sun &amp; Moon Promos;Sun-amp-Moon-Promos
3354;McDonald's Collection 2019 FR;McDonald's Collection 2019 FR;McDonald's Collection 2019 FR;McDonalds-Collection-2019-FR
3384;Legendary Heartbeat;Legendary Heartbeat;Legendary Heartbeat;Legendary-Heartbeat
3389;V Starter Decks;V Starter Decks;V Starter Decks;V-Starter-Decks
3419;Weg des Champs;Champion’s Path;La Voie du Maître;Champions-Path
3479;Shocking Volt Tackle;Shocking Volt Tackle;Shocking Volt Tackle;Shocking-Volt-Tackle
3484;Farbenschock;Vivid Voltage;Voltage Éclatant;Vivid-Voltage
3510;Futsal Promos;Futsal Promos;Futsal Promos;Futsal-Promos
3580;Shiny Star V;Shiny Star V;Shiny Star V;Shiny-Star-V
3585;VMAX Starter Deck: Venusaur VMAX;VMAX Starter Deck: Venusaur VMAX;VMAX Starter Deck: Venusaur VMAX;VMAX-Starter-Deck-Venusaur-VMAX
3590;VMAX Starter Deck: Blastoise VMAX;VMAX Starter Deck: Blastoise VMAX;VMAX Starter Deck: Blastoise VMAX;VMAX-Starter-Deck-Blastoise-VMAX
3595;VMAX Starter Decks;VMAX Starter Decks;VMAX Starter Decks;VMAX-Starter-Decks
3600;Sword &amp; Shield Starter Decks;Sword &amp; Shield Starter Decks;Sword &amp; Shield Starter Decks;Sword-amp-Shield-Starter-Decks
3605;Zacian + Zamazenta BOX;Zacian + Zamazenta BOX;Zacian + Zamazenta BOX;Zacian--Zamazenta-BOX
3610;VMAX Special Set;VMAX Special Set;VMAX Special Set;VMAX-Special-Set
3615;Sword &amp; Shield Premium Trainer Box;Sword &amp; Shield Premium Trainer Box;Sword &amp; Shield Premium Trainer Box;Sword-amp-Shield-Premium-Trainer-Box
3630;Glänzendes Schicksal;Shining Fates;Destinées Radieuses;Shining-Fates
3675;Kampfstile;Battle Styles;Styles de Combat;Battle-Styles
3697;Rapid Strike Master;Rapid Strike Master;Rapid Strike Master;Rapid-Strike-Master
3712;Single Strike Master;Single Strike Master;Single Strike Master;Single-Strike-Master
3717;Single Strike &amp; Rapid Strike Premium Trainer Boxes;Single Strike &amp; Rapid Strike Premium Trainer Boxes;Single Strike &amp; Rapid Strike Premium Trainer Boxes;Single-Strike-amp-Rapid-Strike-Premium-Trainer-Boxes
3738;McDonald's Collection 25th Anniversary;McDonald's Collection 25th Anniversary;McDonald's Collection 25th Anniversary;McDonalds-Collection-25th-Anniversary
3751;Matchless Fighters;Matchless Fighters;Matchless Fighters;Matchless-Fighters
3776;Tag Team GX: Tag All Stars;Tag Team GX: Tag All Stars;Tag Team GX: Tag All Stars;Tag-Team-GX-Tag-All-Stars
3781;Expansion Sheet;Expansion Sheet;Expansion Sheet;Expansion-Sheet
3801;Alter Genesis;Alter Genesis;Alter Genesis;Alter-Genesis
3806;Dream League;Dream League;Dream League;Dream-League
3811;Remix Bout;Remix Bout;Remix Bout;Remix-Bout
3816;Miracle Twin;Miracle Twin;Miracle Twin;Miracle-Twin
3821;Sky Legend;Sky Legend;Sky Legend;Sky-Legend
3826;Great Detective Pikachu;Great Detective Pikachu;Great Detective Pikachu;Great-Detective-Pikachu
3831;GG End;GG End;GG End;GG-End
3836;Double Blaze;Double Blaze;Double Blaze;Double-Blaze
3841;Full Metal Wall;Full Metal Wall;Full Metal Wall;Full-Metal-Wall
3846;Night Unison;Night Unison;Night Unison;Night-Unison
3851;Tag Bolt;Tag Bolt;Tag Bolt;Tag-Bolt
3856;GX Ultra Shiny;GX Ultra Shiny;GX Ultra Shiny;GX-Ultra-Shiny
3861;Dark Order;Dark Order;Dark Order;Dark-Order
3866;Super-Burst Impact;Super-Burst Impact;Super-Burst Impact;Super-Burst-Impact
3871;Fairy Rise;Fairy Rise;Fairy Rise;Fairy-Rise
3876;Thunderclap Spark;Thunderclap Spark;Thunderclap Spark;Thunderclap-Spark
3881;Sky-Splitting Charisma;Sky-Splitting Charisma;Sky-Splitting Charisma;Sky-Splitting-Charisma
3886;Champion Road;Champion Road;Champion Road;Champion-Road
3891;Dragon Storm;Dragon Storm;Dragon Storm;Dragon-Storm
3896;Forbidden Light JP;Forbidden Light JP;Forbidden Light JP;Forbidden-Light-JP
3901;Ultra Force;Ultra Force;Ultra Force;Ultra-Force
3906;Ultra Moon;Ultra Moon;Ultra Moon;Ultra-Moon
3911;Ultra Sun;Ultra Sun;Ultra Sun;Ultra-Sun
3916;GX Battle Boost;GX Battle Boost;GX Battle Boost;GX-Battle-Boost
3921;Ultradimensional Beasts;Ultradimensional Beasts;Ultradimensional Beasts;Ultradimensional-Beasts
3926;Awakened Heroes;Awakened Heroes;Awakened Heroes;Awakened-Heroes
3931;Shining Legends JP;Shining Legends JP;Shining Legends JP;Shining-Legends-JP
3936;Darkness that Consumes Light;Darkness that Consumes Light;Darkness that Consumes Light;Darkness-that-Consumes-Light
3941;To Have Seen the Battle Rainbow;To Have Seen the Battle Rainbow;To Have Seen the Battle Rainbow;To-Have-Seen-the-Battle-Rainbow
3946;Facing a New Trial;Facing a New Trial;Facing a New Trial;Facing-a-New-Trial
3951;Alolan Moonlight;Alolan Moonlight;Alolan Moonlight;Alolan-Moonlight
3956;Islands Await You;Islands Await You;Islands Await You;Islands-Await-You
3961;Strength Expansion Pack Sun &amp; Moon;Strength Expansion Pack Sun &amp; Moon;Strength Expansion Pack Sun &amp; Moon;Strength-Expansion-Pack-Sun-amp-Moon
3966;Collection Moon;Collection Moon;Collection Moon;Collection-Moon
3971;Collection Sun;Collection Sun;Collection Sun;Collection-Sun
3974;Ash vs Team Rocket Deck Kit;Ash vs Team Rocket Deck Kit;Ash vs Team Rocket Deck Kit;Ash-vs-Team-Rocket-Deck-Kit
3979;Pikachu's New Friends;Pikachu's New Friends;Pikachu's New Friends;Pikachus-New-Friends
3984;The Best of XY;The Best of XY;The Best of XY;The-Best-of-XY
3989;Expansion Pack 20th Anniversary;Expansion Pack 20th Anniversary;Expansion Pack 20th Anniversary;Expansion-Pack-20th-Anniversary
3994;Cruel Traitor;Cruel Traitor;Cruel Traitor;Cruel-Traitor
3999;Fever-Burst Fighter;Fever-Burst Fighter;Fever-Burst Fighter;Fever-Burst-Fighter
4004;Awakening Psychic King;Awakening Psychic King;Awakening Psychic King;Awakening-Psychic-King
4009;Rage of the Broken Heavens;Rage of the Broken Heavens;Rage of the Broken Heavens;Rage-of-the-Broken-Heavens
4014;Blue Shock;Blue Shock;Blue Shock;Blue-Shock
4019;Red Flash;Red Flash;Red Flash;Red-Flash
4024;Bandit Ring;Bandit Ring;Bandit Ring;Bandit-Ring
4029;Emerald Break;Emerald Break;Emerald Break;Emerald-Break
4034;Tidal Storm;Tidal Storm;Tidal Storm;Tidal-Storm
4039;Gaia Volcano;Gaia Volcano;Gaia Volcano;Gaia-Volcano
4044;Phantom Gate;Phantom Gate;Phantom Gate;Phantom-Gate
4049;Rising Fist;Rising Fist;Rising Fist;Rising-Fist
4054;Wild Blaze;Wild Blaze;Wild Blaze;Wild-Blaze
4059;Collection Y;Collection Y;Collection Y;Collection-Y
4064;Collection X;Collection X;Collection X;Collection-X
4069;Mythical &amp; Legendary Dream Shine Collection;Mythical &amp; Legendary Dream Shine Collection;Mythical &amp; Legendary Dream Shine Collection;Mythical-amp-Legendary-Dream-Shine-Collection
4074;Premium Champion Pack;Premium Champion Pack;Premium Champion Pack;Premium-Champion-Pack
4079;MAudino EX Mega Battle Deck;MAudino EX Mega Battle Deck;MAudino EX Mega Battle Deck;MAudino-EX-Mega-Battle-Deck
4084;Zygarde EX Perfect Battle Deck;Zygarde EX Perfect Battle Deck;Zygarde EX Perfect Battle Deck;Zygarde-EX-Perfect-Battle-Deck
4089;BREAK Starter Pack;BREAK Starter Pack;BREAK Starter Pack;BREAK-Starter-Pack
4094;PokéKyun Collection;PokéKyun Collection;PokéKyun Collection;PokKyun-Collection
4099;Golduck BREAK + Palkia EX Combo Deck;Golduck BREAK + Palkia EX Combo Deck;Golduck BREAK + Palkia EX Combo Deck;Golduck-BREAK--Palkia-EX-Combo-Deck
4104;Noivern BREAK Evolution Pack;Noivern BREAK Evolution Pack;Noivern BREAK Evolution Pack;Noivern-BREAK-Evolution-Pack
4109;Raichu BREAK Evolution Pack;Raichu BREAK Evolution Pack;Raichu BREAK Evolution Pack;Raichu-BREAK-Evolution-Pack
4114;Legendary Shine Collection;Legendary Shine Collection;Legendary Shine Collection;Legendary-Shine-Collection
4119;MRayquaza EX Mega Battle Deck;MRayquaza EX Mega Battle Deck;MRayquaza EX Mega Battle Deck;MRayquaza-EX-Mega-Battle-Deck
4124;Magma Gang VS Aqua Gang: Double Crisis;Magma Gang VS Aqua Gang: Double Crisis;Magma Gang VS Aqua Gang: Double Crisis;Magma-Gang-VS-Aqua-Gang-Double-Crisis
4129;Super Legend Set: Xerneas EX &amp; Yveltal EX;Super Legend Set: Xerneas EX &amp; Yveltal EX;Super Legend Set: Xerneas EX &amp; Yveltal EX;Super-Legend-Set-Xerneas-EX-amp-Yveltal-EX
4134;Hyper Metal Chain Deck;Hyper Metal Chain Deck;Hyper Metal Chain Deck;Hyper-Metal-Chain-Deck
4139;MCharizard EX Mega Battle Deck;MCharizard EX Mega Battle Deck;MCharizard EX Mega Battle Deck;MCharizard-EX-Mega-Battle-Deck
4144;Yveltal Half Deck;Yveltal Half Deck;Yveltal Half Deck;Yveltal-Half-Deck
4149;Xerneas Half Deck;Xerneas Half Deck;Xerneas Half Deck;Xerneas-Half-Deck
4154;XY Beginning Set;XY Beginning Set;XY Beginning Set;XY-Beginning-Set
4159;XY Promos;XY Promos;XY Promos;XY-Promos
4168;Pokémon Card VS;Pokémon Card VS;Pokémon Card VS;Pokmon-Card-VS
4169;Expansion Pack;Expansion Pack;Expansion Pack;Expansion-Pack
4170;Unnumbered Promos;Unnumbered Promos;Unnumbered Promos;Unnumbered-Promos
4171;Silver Lance;Silver Lance;Silver Lance;Silver-Lance
4172;Jet Black Spirit;Jet Black Spirit;Jet Black Spirit;Jet-Black-Spirit
4173;Silver Lance &amp; Jet Black Spirit Jumbo Pack Set;Silver Lance &amp; Jet Black Spirit Jumbo Pack Set;Silver Lance &amp; Jet Black Spirit Jumbo Pack Set;Silver-Lance-amp-Jet-Black-Spirit-Jumbo-Pack-Set
4174;Schaurige Herrschaft;Chilling Reign;Règne de Glace;Chilling-Reign
4178;McDonald's Pokémon-e Minimum Pack;McDonald's Pokémon-e Minimum Pack;McDonald's Pokémon-e Minimum Pack;McDonalds-Pokmon-e-Minimum-Pack
4179;Mewtwo vs Genesect Deck Kit;Mewtwo vs Genesect Deck Kit;Mewtwo vs Genesect Deck Kit;Mewtwo-vs-Genesect-Deck-Kit
4180;EX Battle Boost;EX Battle Boost;EX Battle Boost;EX-Battle-Boost
4181;Blastoise + Kyurem EX Combo Deck;Blastoise + Kyurem EX Combo Deck;Blastoise + Kyurem EX Combo Deck;Blastoise--Kyurem-EX-Combo-Deck
4182;Megalo Cannon;Megalo Cannon;Megalo Cannon;Megalo-Cannon
4184;Shiny Collection;Shiny Collection;Shiny Collection;Shiny-Collection
4185;Thunder Knuckle;Thunder Knuckle;Thunder Knuckle;Thunder-Knuckle
4186;Spiral Force;Spiral Force;Spiral Force;Spiral-Force
4187;Everyone's Exciting Battle;Everyone's Exciting Battle;Everyone's Exciting Battle;Everyones-Exciting-Battle
4188;Team Plasma Battle Gift Set;Team Plasma Battle Gift Set;Team Plasma Battle Gift Set;Team-Plasma-Battle-Gift-Set
4189;White Kyurem EX Battle Strength Deck;White Kyurem EX Battle Strength Deck;White Kyurem EX Battle Strength Deck;White-Kyurem-EX-Battle-Strength-Deck
4190;Black Kyurem EX Battle Strength Deck;Black Kyurem EX Battle Strength Deck;Black Kyurem EX Battle Strength Deck;Black-Kyurem-EX-Battle-Strength-Deck
4191;Master Deck Build Box EX;Master Deck Build Box EX;Master Deck Build Box EX;Master-Deck-Build-Box-EX
4192;Team Plasma's Powered Half Deck;Team Plasma's Powered Half Deck;Team Plasma's Powered Half Deck;Team-Plasmas-Powered-Half-Deck
4193;Plasma Gale;Plasma Gale;Plasma Gale;Plasma-Gale
4194;Cold Flare;Cold Flare;Cold Flare;Cold-Flare
4195;Freeze Bolt;Freeze Bolt;Freeze Bolt;Freeze-Bolt
4196;National Pokédex Beginning Set;National Pokédex Beginning Set;National Pokédex Beginning Set;National-Pokdex-Beginning-Set
4197;Keldeo Battle Strength Deck;Keldeo Battle Strength Deck;Keldeo Battle Strength Deck;Keldeo-Battle-Strength-Deck
4198;Garchomp Half Deck;Garchomp Half Deck;Garchomp Half Deck;Garchomp-Half-Deck
4199;Hydreigon Half Deck;Hydreigon Half Deck;Hydreigon Half Deck;Hydreigon-Half-Deck
4200;Dragon Blade;Dragon Blade;Dragon Blade;Dragon-Blade
4201;Dragon Blast;Dragon Blast;Dragon Blast;Dragon-Blast
4203;Dragon Selection;Dragon Selection;Dragon Selection;Dragon-Selection
4204;Dark Rush;Dark Rush;Dark Rush;Dark-Rush
4205;Battle Gift Set: Thundurus vs Tornadus;Battle Gift Set: Thundurus vs Tornadus;Battle Gift Set: Thundurus vs Tornadus;Battle-Gift-Set-Thundurus-vs-Tornadus
4206;Zekrom EX Battle Strength Deck;Zekrom EX Battle Strength Deck;Zekrom EX Battle Strength Deck;Zekrom-EX-Battle-Strength-Deck
4207;Reshiram EX Battle Strength Deck;Reshiram EX Battle Strength Deck;Reshiram EX Battle Strength Deck;Reshiram-EX-Battle-Strength-Deck
4208;Hail Blizzard;Hail Blizzard;Hail Blizzard;Hail-Blizzard
4209;Psycho Drive;Psycho Drive;Psycho Drive;Psycho-Drive
4210;Red Collection;Red Collection;Red Collection;Red-Collection
4211;Battle Theme Deck: Victini;Battle Theme Deck: Victini;Battle Theme Deck: Victini;Battle-Theme-Deck-Victini
4212;Battle Strength Decks;Battle Strength Decks;Battle Strength Decks;Battle-Strength-Decks
4213;White Collection;White Collection;White Collection;White-Collection
4214;Black Collection;Black Collection;Black Collection;Black-Collection
4216;Beginning Set;Beginning Set;Beginning Set;Beginning-Set
4217;Collection Sheet Journey Partners;Collection Sheet Journey Partners;Collection Sheet Journey Partners;Collection-Sheet-Journey-Partners
4218;BW Promos;BW Promos;BW Promos;BW-Promos
4238;Emboar EX vs Togekiss EX Deck Kit;Emboar EX vs Togekiss EX Deck Kit;Emboar EX vs Togekiss EX Deck Kit;Emboar-EX-vs-Togekiss-EX-Deck-Kit
4239;Eevee Heroes;Eevee Heroes;Eevee Heroes;Eevee-Heroes
4240;Eevee Heroes VMAX Special Set;Eevee Heroes VMAX Special Set;Eevee Heroes VMAX Special Set;Eevee-Heroes-VMAX-Special-Set
4241;Gengar VMAX High-Class Deck;Gengar VMAX High-Class Deck;Gengar VMAX High-Class Deck;Gengar-VMAX-High-Class-Deck
4242;Inteleon VMAX High-Class Deck;Inteleon VMAX High-Class Deck;Inteleon VMAX High-Class Deck;Inteleon-VMAX-High-Class-Deck
4243;Sword &amp; Shield Family Pokémon Card Game;Sword &amp; Shield Family Pokémon Card Game;Sword &amp; Shield Family Pokémon Card Game;Sword-amp-Shield-Family-Pokmon-Card-Game
4245;Tag Team GX Starter Sets;Tag Team GX Starter Sets;Tag Team GX Starter Sets;Tag-Team-GX-Starter-Sets
4246;Sun &amp; Moon Family Pokémon Card Game;Sun &amp; Moon Family Pokémon Card Game;Sun &amp; Moon Family Pokémon Card Game;Sun-amp-Moon-Family-Pokmon-Card-Game
4247;Tag Team GX Deck Build Box;Tag Team GX Deck Build Box;Tag Team GX Deck Build Box;Tag-Team-GX-Deck-Build-Box
4248;Trainer Battle Decks;Trainer Battle Decks;Trainer Battle Decks;Trainer-Battle-Decks
4249;Tag Team GX Premium Trainer Box;Tag Team GX Premium Trainer Box;Tag Team GX Premium Trainer Box;Tag-Team-GX-Premium-Trainer-Box
4250;Eevee GX Starter Sets;Eevee GX Starter Sets;Eevee GX Starter Sets;Eevee-GX-Starter-Sets
4251;GX Starter Decks;GX Starter Decks;GX Starter Decks;GX-Starter-Decks
4252;Ultra Sun &amp; Ultra Moon Deck Build Boxes;Ultra Sun &amp; Ultra Moon Deck Build Boxes;Ultra Sun &amp; Ultra Moon Deck Build Boxes;Ultra-Sun-amp-Ultra-Moon-Deck-Build-Boxes
4253;Ultra Sun &amp; Ultra Moon Premium Trainer Box;Ultra Sun &amp; Ultra Moon Premium Trainer Box;Ultra Sun &amp; Ultra Moon Premium Trainer Box;Ultra-Sun-amp-Ultra-Moon-Premium-Trainer-Box
4254;Solgaleo GX &amp; Lunala GX Legendary Starter Set;Solgaleo GX &amp; Lunala GX Legendary Starter Set;Solgaleo GX &amp; Lunala GX Legendary Starter Set;Solgaleo-GX-amp-Lunala-GX-Legendary-Starter-Set
4255;Tapu Bulu GX Enhanced Starter Set;Tapu Bulu GX Enhanced Starter Set;Tapu Bulu GX Enhanced Starter Set;Tapu-Bulu-GX-Enhanced-Starter-Set
4256;Rockruff Full Power Deck;Rockruff Full Power Deck;Rockruff Full Power Deck;Rockruff-Full-Power-Deck
4257;Premium Trainer Box;Premium Trainer Box;Premium Trainer Box;Premium-Trainer-Box
4258;Sun &amp; Moon Starter Set;Sun &amp; Moon Starter Set;Sun &amp; Moon Starter Set;Sun-amp-Moon-Starter-Set
4261;Clash at the Summit;Clash at the Summit;Clash at the Summit;Clash-at-the-Summit
4262;Lost Link;Lost Link;Lost Link;Lost-Link
4263;Tyranitar Constructed Standard Deck;Tyranitar Constructed Standard Deck;Tyranitar Constructed Standard Deck;Tyranitar-Constructed-Standard-Deck
4264;Steelix Constructed Standard Deck;Steelix Constructed Standard Deck;Steelix Constructed Standard Deck;Steelix-Constructed-Standard-Deck
4265;Reviving Legends;Reviving Legends;Reviving Legends;Reviving-Legends
4266;Leafeon Expert Deck;Leafeon Expert Deck;Leafeon Expert Deck;Leafeon-Expert-Deck
4267;Metagross Expert Deck;Metagross Expert Deck;Metagross Expert Deck;Metagross-Expert-Deck
4268;Torterra Battle Starter Deck;Torterra Battle Starter Deck;Torterra Battle Starter Deck;Torterra-Battle-Starter-Deck
4269;Magmortar Battle Starter Deck;Magmortar Battle Starter Deck;Magmortar Battle Starter Deck;Magmortar-Battle-Starter-Deck
4270;Blastoise Battle Starter Deck;Blastoise Battle Starter Deck;Blastoise Battle Starter Deck;Blastoise-Battle-Starter-Deck
4271;Raichu Battle Starter Deck;Raichu Battle Starter Deck;Raichu Battle Starter Deck;Raichu-Battle-Starter-Deck
4272;SoulSilver Collection;SoulSilver Collection;SoulSilver Collection;SoulSilver-Collection
4273;HeartGold Collection;HeartGold Collection;HeartGold Collection;HeartGold-Collection
4274;L-P Promos;L-P Promos;L-P Promos;L-P-Promos
4276;Movie Commemoration Random Pack;Movie Commemoration Random Pack;Movie Commemoration Random Pack;Movie-Commemoration-Random-Pack
4277;Melee! Pokémon Scramble;Melee! Pokémon Scramble;Melee! Pokémon Scramble;Melee-Pokmon-Scramble
4278;Arceus LV.X Deck: Lightning &amp; Psychic;Arceus LV.X Deck: Lightning &amp; Psychic;Arceus LV.X Deck: Lightning &amp; Psychic;Arceus-LVX-Deck-Lightning-amp-Psychic
4279;Arceus LV.X Deck: Grass &amp; Fire;Arceus LV.X Deck: Grass &amp; Fire;Arceus LV.X Deck: Grass &amp; Fire;Arceus-LVX-Deck-Grass-amp-Fire
4280;Advent of Arceus;Advent of Arceus;Advent of Arceus;Advent-of-Arceus
4281;Regigigas LV.X Collection Pack;Regigigas LV.X Collection Pack;Regigigas LV.X Collection Pack;Regigigas-LVX-Collection-Pack
4282;Mewtwo LV.X Collection Pack;Mewtwo LV.X Collection Pack;Mewtwo LV.X Collection Pack;Mewtwo-LVX-Collection-Pack
4283;Shaymin LV.X Collection Pack;Shaymin LV.X Collection Pack;Shaymin LV.X Collection Pack;Shaymin-LVX-Collection-Pack
4284;Charizard SP Half Deck;Charizard SP Half Deck;Charizard SP Half Deck;Charizard-SP-Half-Deck
4285;Garchomp SP Half Deck;Garchomp SP Half Deck;Garchomp SP Half Deck;Garchomp-SP-Half-Deck
4286;Beat of the Frontier;Beat of the Frontier;Beat of the Frontier;Beat-of-the-Frontier
4287;Gallade SP Half Deck;Gallade SP Half Deck;Gallade SP Half Deck;Gallade-SP-Half-Deck
4288;Infernape SP Half Deck;Infernape SP Half Deck;Infernape SP Half Deck;Infernape-SP-Half-Deck
4289;Bonds to the End of Time;Bonds to the End of Time;Bonds to the End of Time;Bonds-to-the-End-of-Time
4290;Pikachu DPt Half Deck;Pikachu DPt Half Deck;Pikachu DPt Half Deck;Pikachu-DPt-Half-Deck
4291;Piplup DPt Half Deck;Piplup DPt Half Deck;Piplup DPt Half Deck;Piplup-DPt-Half-Deck
4292;Turtwig DPt Half Deck;Turtwig DPt Half Deck;Turtwig DPt Half Deck;Turtwig-DPt-Half-Deck
4293;Chimchar DPt Half Deck;Chimchar DPt Half Deck;Chimchar DPt Half Deck;Chimchar-DPt-Half-Deck
4294;Palkia DPt Half Deck;Palkia DPt Half Deck;Palkia DPt Half Deck;Palkia-DPt-Half-Deck
4295;Dialga DPt Half Deck;Dialga DPt Half Deck;Dialga DPt Half Deck;Dialga-DPt-Half-Deck
4296;Giratina DPt Half Deck;Giratina DPt Half Deck;Giratina DPt Half Deck;Giratina-DPt-Half-Deck
4297;Galactic's Conquest;Galactic's Conquest;Galactic's Conquest;Galactics-Conquest
4298;DPt Promos;DPt Promos;DPt Promos;DPt-Promos
4299;11th Movie Commemoration Set;11th Movie Commemoration Set;11th Movie Commemoration Set;11th-Movie-Commemoration-Set
4300;Dialga Half Deck;Dialga Half Deck;Dialga Half Deck;Dialga-Half-Deck
4301;Giratina Half Deck;Giratina Half Deck;Giratina Half Deck;Giratina-Half-Deck
4302;Intense Fight in the Destroyed Sky;Intense Fight in the Destroyed Sky;Intense Fight in the Destroyed Sky;Intense-Fight-in-the-Destroyed-Sky
4303;Heatran vs Regigigas Deck Kit;Heatran vs Regigigas Deck Kit;Heatran vs Regigigas Deck Kit;Heatran-vs-Regigigas-Deck-Kit
4304;Temple of Anger;Temple of Anger;Temple of Anger;Temple-of-Anger
4305;Cry from the Mysterious;Cry from the Mysterious;Cry from the Mysterious;Cry-from-the-Mysterious
4306;Entry Pack '08;Entry Pack '08;Entry Pack '08;Entry-Pack-08
4307;Magmortar vs Electivire Deck Kit;Magmortar vs Electivire Deck Kit;Magmortar vs Electivire Deck Kit;Magmortar-vs-Electivire-Deck-Kit
4308;Dawn Dash;Dawn Dash;Dawn Dash;Dawn-Dash
4309;Moonlit Pursuit;Moonlit Pursuit;Moonlit Pursuit;Moonlit-Pursuit
4310;10th Movie Commemoration Set;10th Movie Commemoration Set;10th Movie Commemoration Set;10th-Movie-Commemoration-Set
4311;Palkia LV.X Constructed Standard Deck;Palkia LV.X Constructed Standard Deck;Palkia LV.X Constructed Standard Deck;Palkia-LVX-Constructed-Standard-Deck
4312;Dialga LV.X Constructed Standard Deck;Dialga LV.X Constructed Standard Deck;Dialga LV.X Constructed Standard Deck;Dialga-LVX-Constructed-Standard-Deck
4313;Shining Darkness;Shining Darkness;Shining Darkness;Shining-Darkness
4314;World Champions Pack;World Champions Pack;World Champions Pack;World-Champions-Pack
4315;Rampardos the Attacker;Rampardos the Attacker;Rampardos the Attacker;Rampardos-the-Attacker
4316;Bastiodon the Defender;Bastiodon the Defender;Bastiodon the Defender;Bastiodon-the-Defender
4317;Secret of the Lakes;Secret of the Lakes;Secret of the Lakes;Secret-of-the-Lakes
4318;Space-Time Creation;Space-Time Creation;Space-Time Creation;Space-Time-Creation
4319;Movie Commemoration VS Pack: Sea's Manaphy;Movie Commemoration VS Pack: Sea's Manaphy;Movie Commemoration VS Pack: Sea's Manaphy;Movie-Commemoration-VS-Pack-Seas-Manaphy
4321;PPP Promos;PPP Promos;PPP Promos;PPP-Promos
4322;DP Promos;DP Promos;DP Promos;DP-Promos
4328;Drachenwandel;Evolving Skies;Évolution Céleste;Evolving-Skies
4329;Towering Perfection;Towering Perfection;Towering Perfection;Towering-Perfection
4330;Blue Sky Stream;Blue Sky Stream;Blue Sky Stream;Blue-Sky-Stream
4339;Movie Commemoration VS Pack: Aura's Lucario;Movie Commemoration VS Pack: Aura's Lucario;Movie Commemoration VS Pack: Aura's Lucario;Movie-Commemoration-VS-Pack-Auras-Lucario
4340;Movie Commemoration VS Pack: Sky-Splitting Deoxys;Movie Commemoration VS Pack: Sky-Splitting Deoxys;Movie Commemoration VS Pack: Sky-Splitting Deoxys;Movie-Commemoration-VS-Pack-Sky-Splitting-Deoxys
4341;PCG Promos;PCG Promos;PCG Promos;PCG-Promos
4342;PokéPark Blue;PokéPark Blue;PokéPark Blue;PokPark-Blue
4343;PokéPark Forest;PokéPark Forest;PokéPark Forest;PokPark-Forest
4345;25th Anniversary Collection;25th Anniversary Collection;25th Anniversary Collection;25th-Anniversary-Collection
4346;25th Anniversary Edition;25th Anniversary Edition;25th Anniversary Edition;25th-Anniversary-Edition
4347;Celebrations;Celebrations;Célébrations;Celebrations
4348;Movie Commemoration VS Pack;Movie Commemoration VS Pack;Movie Commemoration VS Pack;Movie-Commemoration-VS-Pack
4349;PLAY Promos;PLAY Promos;PLAY Promos;PLAY-Promos
4350;ADV Promos;ADV Promos;ADV Promos;ADV-Promos
4351;Theater Limited VS Pack;Theater Limited VS Pack;Theater Limited VS Pack;Theater-Limited-VS-Pack
4352;J Promos;J Promos;J Promos;J-Promos
4353;P Promos;P Promos;P Promos;P-Promos
4354;T Promos;T Promos;T Promos;T-Promos
4355;Pokémon Card web;Pokémon Card web;Pokémon Card web;Pokmon-Card-web
4357;Southern Islands JP;Southern Islands JP;Southern Islands JP;Southern-Islands-JP
4360;Fusion Arts;Fusion Arts;Fusion Arts;Fusion-Arts
4361;Gift Box Mew • Lucario;Gift Box Mew • Lucario;Gift Box Mew • Lucario;Gift-Box-Mew--Lucario
4381;V-UNION Special Card Sets;V-UNION Special Card Sets;V-UNION Special Card Sets;V-UNION-Special-Card-Sets
4382;Fusionsangriff;Fusion Strike;Poing de Fusion;Fusion-Strike
4385;Special Deck Set Zacian Zamazenta vs Eternatus;Special Deck Set Zacian Zamazenta vs Eternatus;Special Deck Set Zacian Zamazenta vs Eternatus;Special-Deck-Set-Zacian-Zamazenta-vs-Eternatus
4388;Start Deck 100;Start Deck 100;Start Deck 100;Start-Deck-100
4389;25th Anniversary Golden Box;25th Anniversary Golden Box;25th Anniversary Golden Box;25th-Anniversary-Golden-Box
4390;VMAX Climax;VMAX Climax;VMAX Climax;VMAX-Climax
4392;Pikachu World Collection;Pikachu World Collection;Pikachu World Collection;Pikachu-World-Collection
4434;Strahlende Sterne;Brilliant Stars;Stars Étincelantes;Brilliant-Stars
4440;Star Birth;Star Birth;Star Birth;Star-Birth
4441;Battle Region;Battle Region;Battle Region;Battle-Region
4463;Pokémon Jungle;Pokémon Jungle;Pokémon Jungle;Pokmon-Jungle
4464;Mystery of the Fossils;Mystery of the Fossils;Mystery of the Fossils;Mystery-of-the-Fossils
4465;Rocket Gang;Rocket Gang;Rocket Gang;Rocket-Gang
4466;Leaders' Stadium;Leaders' Stadium;Leaders' Stadium;Leaders-Stadium
4467;Challenge from the Darkness;Challenge from the Darkness;Challenge from the Darkness;Challenge-from-the-Darkness
4490;Extra Regulation Box;Extra Regulation Box;Extra Regulation Box;Extra-Regulation-Box
4505;Poké Card Creator Pack;Poké Card Creator Pack;Poké Card Creator Pack;Pok-Card-Creator-Pack
4506;Gold, Silver, to a New World...;Gold, Silver, to a New World...;Gold, Silver, to a New World...;Gold-Silver-to-a-New-World
4507;Crossing the Ruins...;Crossing the Ruins...;Crossing the Ruins...;Crossing-the-Ruins
4508;Awakening Legends;Awakening Legends;Awakening Legends;Awakening-Legends
4509;Darkness, and to Light...;Darkness, and to Light...;Darkness, and to Light...;Darkness-and-to-Light
4515;Premium Trainer Box VSTAR;Premium Trainer Box VSTAR;Premium Trainer Box VSTAR;Premium-Trainer-Box-VSTAR
4516;Sword &amp; Shield Starter Set Lucario VSTAR;Sword &amp; Shield Starter Set Lucario VSTAR;Sword &amp; Shield Starter Set Lucario VSTAR;Sword-amp-Shield-Starter-Set-Lucario-VSTAR
4517;Sword &amp; Shield Starter Set Darkrai VSTAR;Sword &amp; Shield Starter Set Darkrai VSTAR;Sword &amp; Shield Starter Set Darkrai VSTAR;Sword-amp-Shield-Starter-Set-Darkrai-VSTAR
4518;Start Deck 100 CoroCoro Comic Version;Start Deck 100 CoroCoro Comic Version;Start Deck 100 CoroCoro Comic Version;Start-Deck-100-CoroCoro-Comic-Version
4786;Pokémon GO Enhanced Expansion Pack;Pokémon GO Enhanced Expansion Pack;Pokémon GO Enhanced Expansion Pack;Pokmon-GO-Enhanced-Expansion-Pack
4973;Time Gazer;Time Gazer;Time Gazer;Time-Gazer
4974;Space Juggler;Space Juggler;Space Juggler;Space-Juggler
4979;Astralglanz;Astral Radiance;Astres Radieux;Astral-Radiance
5021;Base Expansion Pack;Base Expansion Pack;Base Expansion Pack;Base-Expansion-Pack
5022;The Town on No Map;The Town on No Map;The Town on No Map;The-Town-on-No-Map
5023;Wind from the Sea;Wind from the Sea;Wind from the Sea;Wind-from-the-Sea
5024;Split Earth;Split Earth;Split Earth;Split-Earth
5025;Mysterious Mountains;Mysterious Mountains;Mysterious Mountains;Mysterious-Mountains
5034;Burger King Platinum Promos 2009;Burger King Platinum Promos 2009;Burger King Platinum Promos 2009;Burger-King-Platinum-Promos-2009
5048;Dark Phantasma;Dark Phantasma;Dark Phantasma;Dark-Phantasma
5051;Pokémon GO;Pokémon GO;Pokémon GO;Pokmon-GO
5059;Intro Pack Bisasam;Intro Pack Bulbasaur;Intro Pack Bulbizarre;Intro-Pack-Bulbasaur
5060;Intro Pack Schiggy;Intro Pack Squirtle;Intro Pack Carapuce;Intro-Pack-Squirtle
5061;Intro Pack Neo Endivie;Intro Pack Neo Chikorita;Intro Pack Neo Germignon;Intro-Pack-Neo-Chikorita
5062;Intro Pack Neo Karnimani;Intro Pack Neo Totodile;Intro Pack Neo Kaiminus;Intro-Pack-Neo-Totodile
5093;Verlorener Ursprung;Lost Origin;Origine Perdue;Lost-Origin
5094;Lost Abyss;Lost Abyss;Lost Abyss;Lost-Abyss
5096;VSTAR &amp; VMAX High Class Deck Zeraora;VSTAR &amp; VMAX High Class Deck Zeraora;VSTAR &amp; VMAX High Class Deck Zeraora;VSTAR-amp-VMAX-High-Class-Deck-Zeraora
5097;VSTAR &amp; VMAX High Class Deck Deoxys;VSTAR &amp; VMAX High Class Deck Deoxys;VSTAR &amp; VMAX High Class Deck Deoxys;VSTAR-amp-VMAX-High-Class-Deck-Deoxys
5098;VSTAR Special Set;VSTAR Special Set;VSTAR Special Set;VSTAR-Special-Set
5127;Incandescent Arcana;Incandescent Arcana;Incandescent Arcana;Incandescent-Arcana
5135;McDonald's Expresskampf 2022;McDonald's Match Battle 2022;McDonald's Match Battle 2022;McDonalds-Match-Battle-2022
5138;Trick or Trade;Trick or Trade;Trick or Trade;Trick-or-Trade
5142;Silberne Sturmwinde;Silver Tempest;Tempête Argentée;Silver-Tempest
5156;Paradigm Trigger;Paradigm Trigger;Paradigm Trigger;Paradigm-Trigger
5179;Special Battle Set Glurak VSTAR vs Rayquaza VMAX;Special Battle Set Charizard VSTAR vs Rayquaza VMAX;Special Battle Set Dracaufeu VSTAR vs Rayquaza VMAX;Special-Battle-Set-Charizard-VSTAR-vs-Rayquaza-VMAX
5198;VSTAR Universe;VSTAR Universe;VSTAR Universe;VSTAR-Universe
5201;Zenit der Könige;Crown Zenith;Zénith Suprême;Crown-Zenith
5204;Play! Pokémon Prize Pack Series One;Play! Pokémon Prize Pack Series One;Play! Pokémon Prize Pack Series One;Play-Pokmon-Prize-Pack-Series-One
5212;Karmesin und Purpur Promos;Scarlet &amp; Violet Promos;Promos Écarlate et Violet;Scarlet-amp-Violet-Promos
5216;Scarlet ex;Scarlet ex;Scarlet ex;Scarlet-ex
5217;Violet ex;Violet ex;Violet ex;Violet-ex
5218;ex Starter Set Sprigatito &amp; Lucario ex;ex Starter Set Sprigatito &amp; Lucario ex;ex Starter Set Sprigatito &amp; Lucario ex;ex-Starter-Set-Sprigatito-amp-Lucario-ex
5219;ex Starter Set Fuecoco &amp; Ampharos ex;ex Starter Set Fuecoco &amp; Ampharos ex;ex Starter Set Fuecoco &amp; Ampharos ex;ex-Starter-Set-Fuecoco-amp-Ampharos-ex
5220;ex Starter Set Quaxly &amp; Mimikyu ex;ex Starter Set Quaxly &amp; Mimikyu ex;ex Starter Set Quaxly &amp; Mimikyu ex;ex-Starter-Set-Quaxly-amp-Mimikyu-ex
5221;Premium Trainer Box ex;Premium Trainer Box ex;Premium Trainer Box ex;Premium-Trainer-Box-ex
5223;Karmesin und Purpur;Scarlet &amp; Violet;Écarlate et Violet;Scarlet-amp-Violet
5224;Karmesin und Purpur Energien;Scarlet &amp; Violet Energies;Énergies Écarlate et Violet;Scarlet-amp-Violet-Energies
5241;SV Black Star Promos;SV Black Star Promos;SV Black Star Promos;SV-Black-Star-Promos
5257;Triplet Beat;Triplet Beat;Triplet Beat;Triplet-Beat
5299;ex Starter Set Pikachu ex &amp; Pawmot;ex Starter Set Pikachu ex &amp; Pawmot;ex Starter Set Pikachu ex &amp; Pawmot;ex-Starter-Set-Pikachu-ex-amp-Pawmot
5313;Play! Pokémon Preispack Zweite Serie;Play! Pokémon Prize Pack Series Two;Play! Pokémon Prize Pack Series Two;Play-Pokmon-Prize-Pack-Series-Two
5314;Snow Hazard;Snow Hazard;Snow Hazard;Snow-Hazard
5315;Clay Burst;Clay Burst;Clay Burst;Clay-Burst
5318;Entwicklungen in Paldea;Paldea Evolved;Évolutions à Paldea;Paldea-Evolved
5328;Pokémon Card 151;Pokémon Card 151;Pokémon Card 151;Pokmon-Card-151
5335;Karmesin und Purpur Produkte;Scarlet &amp; Violet Products;Produits Écarlate et Violet;Scarlet-amp-Violet-Products
5351;Scarlet &amp; Violet ex Special Set;Scarlet &amp; Violet ex Special Set;Scarlet &amp; Violet ex Special Set;Scarlet-amp-Violet-ex-Special-Set
5362;ex Start Decks;ex Start Decks;ex Start Decks;ex-Start-Decks
5385;Obsidianflammen;Obsidian Flames;Flammes Obsidiennes;Obsidian-Flames
5402;151;151;151;151
5405;Trick or Trade 2023;Trick or Trade 2023;Trick or Trade 2023;Trick-or-Trade-2023
5409;Ruler of the Black Flame;Ruler of the Black Flame;Ruler of the Black Flame;Ruler-of-the-Black-Flame
5410;World Championships 2023 Yokohama Deck -Pikachu-;World Championships 2023 Yokohama Deck -Pikachu-;World Championships 2023 Yokohama Deck -Pikachu-;World-Championships-2023-Yokohama-Deck--Pikachu-
5415;Sonne &amp; Mond Produkte;Sun &amp; Moon Products;Produits Soleil et Lune;Sun-amp-Moon-Products
5422;Ruler of the Black Flame Deck Build Box;Ruler of the Black Flame Deck Build Box;Ruler of the Black Flame Deck Build Box;Ruler-of-the-Black-Flame-Deck-Build-Box
5430;McDonald's Match Battle 2023;McDonald's Match Battle 2023;McDonald's Match Battle 2023;McDonalds-Match-Battle-2023
5431;Play! Pokémon Preispack Serie 3;Play! Pokémon Prize Pack Series Three;Play! Pokémon Packs Récompense Troisième Série;Play-Pokmon-Prize-Pack-Series-Three
5432;Raging Surf;Raging Surf;Raging Surf;Raging-Surf
5444;Paradoxrift;Paradox Rift;Faille Paradoxe;Paradox-Rift
5476;Terastal Starter Set Skelokrok ex;Terastal Starter Set Skeledirge ex;Terastal Starter Set Flâmigator ex;Terastal-Starter-Set-Skeledirge-ex
5477;Terastal Starter Set Mewtu ex;Terastal Starter Set Mewtwo ex;Terastal Starter Set Mewtwo ex;Terastal-Starter-Set-Mewtwo-ex
5478;Ancient Roar;Ancient Roar;Ancient Roar;Ancient-Roar
5479;Future Flash;Future Flash;Future Flash;Future-Flash
5519;Shiny Treasure ex;Shiny Treasure ex;Shiny Treasure ex;Shiny-Treasure-ex
5525;Bisaflor &amp; Glurak &amp; Turtok Special Deck Set ex;Venusaur &amp; Charizard &amp; Blastoise Special Deck Set ex;Florizarre &amp; Dracaufeu &amp; Tortank Special Deck Set ex;Venusaur-amp-Charizard-amp-Blastoise-Special-Deck-Set-ex
5526;Mein Erstes Spiel;My First Battle;Mon Premier Combat;My-First-Battle
5527;Pokémon Card Game Classic: Bisaflor &amp; Lugia ex Deck;Pokémon Card Game Classic: Venusaur &amp; Lugia ex Deck;Pokémon Card Game Classic: Florizarre &amp; Lugia ex Deck;Pokmon-Card-Game-Classic-Venusaur-amp-Lugia-ex-Deck
5528;Pokémon Card Game Classic: Glurak &amp; Ho-Oh ex Deck;Pokémon Card Game Classic: Charizard &amp; Ho-Oh ex Deck;Pokémon Card Game Classic: Dracaufeu &amp; Ho-Oh ex Deck;Pokmon-Card-Game-Classic-Charizard-amp-Ho-Oh-ex-Deck
5529;Pokémon Card Game Classic: Turtok &amp; Suicune ex Deck;Pokémon Card Game Classic: Blastoise &amp; Suicune ex Deck;Pokémon Card Game Classic: Tortank &amp; Suicune ex Deck;Pokmon-Card-Game-Classic-Blastoise-amp-Suicune-ex-Deck
5530;Pokémon Trading Card Game Classic: Bisaflor &amp; Lugia ex Deck;Pokémon Trading Card Game Classic: Venusaur &amp; Lugia ex Deck;Pokémon Trading Card Game Classic: Florizarre &amp; Lugia ex Deck;Pokmon-Trading-Card-Game-Classic-Venusaur-amp-Lugia-ex-Deck
5531;Pokémon Trading Card Game Classic: Glurak &amp; Ho-Oh ex Deck;Pokémon Trading Card Game Classic: Charizard &amp; Ho-Oh ex Deck;Pokémon Trading Card Game Classic: Dracaufeu &amp; Ho-Oh ex Deck;Pokmon-Trading-Card-Game-Classic-Charizard-amp-Ho-Oh-ex-Deck
5532;Pokémon Trading Card Game Classic: Turtok &amp; Suicune ex Deck;Pokémon Trading Card Game Classic: Blastoise &amp; Suicune ex Deck;Pokémon Trading Card Game Classic: Tortank &amp; Suicune ex Deck;Pokmon-Trading-Card-Game-Classic-Blastoise-amp-Suicune-ex-Deck
5546;Paldeas Schicksale;Paldean Fates;Destinées de Paldea;Paldean-Fates
5573;Wild Force;Wild Force;Wild Force;Wild-Force
5574;Cyber Judge;Cyber Judge;Cyber Judge;Cyber-Judge
5575;Starter Deck &amp; Build Set Ancient Koraidon ex;Starter Deck &amp; Build Set Ancient Koraidon ex;Starter Deck &amp; Build Set Ancient Koraidon ex;Starter-Deck-amp-Build-Set-Ancient-Koraidon-ex
5576;Starter Deck &amp; Build Set Future Miraidon ex;Starter Deck &amp; Build Set Future Miraidon ex;Starter Deck &amp; Build Set Future Miraidon ex;Starter-Deck-amp-Build-Set-Future-Miraidon-ex
5589;Gewalten der Zeit;Temporal Forces;Forces Temporelles;Temporal-Forces
5620;Play! Pokémon Preispack Serie 4;Play! Pokémon Prize Pack Series Four;Play! Pokémon Packs Récompense Quatrième Série;Play-Pokmon-Prize-Pack-Series-Four
5621;Scarlet &amp; Violet Battle Academy;Scarlet &amp; Violet Battle Academy;Scarlet &amp; Violet Battle Academy;Scarlet-amp-Violet-Battle-Academy
5636;Crimson Haze;Crimson Haze;Crimson Haze;Crimson-Haze
5681;Nivi City Gym;Nivi City Gym;Nivi City Gym;Nivi-City-Gym
5682;Hanada City Gym;Hanada City Gym;Hanada City Gym;Hanada-City-Gym
5683;Kuchiba City Gym;Kuchiba City Gym;Kuchiba City Gym;Kuchiba-City-Gym
5684;Tamamushi City Gym;Tamamushi City Gym;Tamamushi City Gym;Tamamushi-City-Gym
5685;Yamabuki City Gym;Yamabuki City Gym;Yamabuki City Gym;Yamabuki-City-Gym
5686;Guren Town Gym;Guren Town Gym;Guren Town Gym;Guren-Town-Gym
5690;Mask of Change;Mask of Change;Mask of Change;Mask-of-Change
5691;Maskerade im Zwielicht;Twilight Masquerade;Mascarade Crépusculaire;Twilight-Masquerade
5693;Offense and Defense of the Furthest Ends;Offense and Defense of the Furthest Ends;Offense and Defense of the Furthest Ends;Offense-and-Defense-of-the-Furthest-Ends
5694;Shockwave! Tyranitar ex Constructed Standard Deck;Shockwave! Tyranitar ex Constructed Standard Deck;Shockwave! Tyranitar ex Constructed Standard Deck;Shockwave-Tyranitar-ex-Constructed-Standard-Deck
5695;Imprison! Gardevoir ex Constructed Standard Deck;Imprison! Gardevoir ex Constructed Standard Deck;Imprison! Gardevoir ex Constructed Standard Deck;Imprison-Gardevoir-ex-Constructed-Standard-Deck
5698;Earth's Groudon ex Constructed Starter Deck;Earth's Groudon ex Constructed Starter Deck;Earth's Groudon ex Constructed Starter Deck;Earths-Groudon-ex-Constructed-Starter-Deck
5699;Ocean's Kyogre ex Constructed Starter Deck;Ocean's Kyogre ex Constructed Starter Deck;Ocean's Kyogre ex Constructed Starter Deck;Oceans-Kyogre-ex-Constructed-Starter-Deck
5700;Miracle Crystal;Miracle Crystal;Miracle Crystal;Miracle-Crystal
5703;Holon Phantom;Holon Phantom;Holon Phantom;Holon-Phantom
5709;Holon Research Tower;Holon Research Tower;Holon Research Tower;Holon-Research-Tower
5710;Mirage Forest;Mirage Forest;Mirage Forest;Mirage-Forest
5711;Golden Sky, Silvery Ocean;Golden Sky, Silvery Ocean;Golden Sky, Silvery Ocean;Golden-Sky-Silvery-Ocean
5712;Rocket Gang Strikes Back;Rocket Gang Strikes Back;Rocket Gang Strikes Back;Rocket-Gang-Strikes-Back
5713;Clash of the Blue Sky;Clash of the Blue Sky;Clash of the Blue Sky;Clash-of-the-Blue-Sky
5714;Flight of Legends;Flight of Legends;Flight of Legends;Flight-of-Legends
5715;Holon Research Tower Lightning Quarter Deck;Holon Research Tower Lightning Quarter Deck;Holon Research Tower Lightning Quarter Deck;Holon-Research-Tower-Lightning-Quarter-Deck
5716;Holon Research Tower Water Quarter Deck;Holon Research Tower Water Quarter Deck;Holon Research Tower Water Quarter Deck;Holon-Research-Tower-Water-Quarter-Deck
5717;Holon Research Tower Fire Quarter Deck;Holon Research Tower Fire Quarter Deck;Holon Research Tower Fire Quarter Deck;Holon-Research-Tower-Fire-Quarter-Deck
5718;Master Kit;Master Kit;Master Kit;Master-Kit
5719;Mirage's Mew Constructed Starter Deck;Mirage's Mew Constructed Starter Deck;Mirage's Mew Constructed Starter Deck;Mirages-Mew-Constructed-Starter-Deck
5720;Feraligatr Constructed Starter Deck;Feraligatr Constructed Starter Deck;Feraligatr Constructed Starter Deck;Feraligatr-Constructed-Starter-Deck
5721;Typhlosion Constructed Starter Deck;Typhlosion Constructed Starter Deck;Typhlosion Constructed Starter Deck;Typhlosion-Constructed-Starter-Deck
5722;Meganium Constructed Starter Deck;Meganium Constructed Starter Deck;Meganium Constructed Starter Deck;Meganium-Constructed-Starter-Deck
5723;Quick Construction Packs;Quick Construction Packs;Quick Construction Packs;Quick-Construction-Packs
5724;Gift Box Emerald;Gift Box Emerald;Gift Box Emerald;Gift-Box-Emerald
5725;Silver Deck Kit;Silver Deck Kit;Silver Deck Kit;Silver-Deck-Kit
5726;Black Deck Kit;Black Deck Kit;Black Deck Kit;Black-Deck-Kit
5727;Rayquaza Constructed Starter Deck;Rayquaza Constructed Starter Deck;Rayquaza Constructed Starter Deck;Rayquaza-Constructed-Starter-Deck
5728;Deoxys Constructed Starter Deck;Deoxys Constructed Starter Deck;Deoxys Constructed Starter Deck;Deoxys-Constructed-Starter-Deck
5729;Venusaur, Charizard &amp; Blastoise Random Constructed Starter Decks;Venusaur, Charizard &amp; Blastoise Random Constructed Starter Decks;Venusaur, Charizard &amp; Blastoise Random Constructed Starter Decks;Venusaur-Charizard-amp-Blastoise-Random-Constructed-Starter-Decks
5737;Battle Master Deck Tera Glurak ex;Battle Master Deck Tera Charizard ex;Battle Master Deck Tera Dracaufeu ex;Battle-Master-Deck-Tera-Charizard-ex
5738;Battle Master Deck Baojian ex;Battle Master Deck Chien-Pao ex;Battle Master Deck Baojian ex;Battle-Master-Deck-Chien-Pao-ex
5757;Night Wanderer;Night Wanderer;Night Wanderer;Night-Wanderer
5760;Nebel der Sagen;Shrouded Fable;Fable Nébuleuse;Shrouded-Fable
5782;Stellar Miracle;Stellar Miracle;Stellar Miracle;Stellar-Miracle
5796;Trick or Trade 2024;Trick or Trade 2024;Trick or Trade 2024;Trick-or-Trade-2024
5802;Stellarkrone;Stellar Crown;Couronne Stellaire;Stellar-Crown
5834;Southeast Asia Promos;Southeast Asia Promos;Southeast Asia Promos;Southeast-Asia-Promos
5835;Stellar Miracle Deck Build Box;Stellar Miracle Deck Build Box;Stellar Miracle Deck Build Box;Stellar-Miracle-Deck-Build-Box
5841;Stellar Tera Type Starter Set Sylveon ex;Stellar Tera Type Starter Set Sylveon ex;Stellar Tera Type Starter Set Sylveon ex;Stellar-Tera-Type-Starter-Set-Sylveon-ex
5842;Stellar Tera Type Starter Set Ceruledge ex;Stellar Tera Type Starter Set Ceruledge ex;Stellar Tera Type Starter Set Ceruledge ex;Stellar-Tera-Type-Starter-Set-Ceruledge-ex
5846;Paradise Dragona;Paradise Dragona;Paradise Dragona;Paradise-Dragona
5849;Play! Pokémon Preispack Serie 5;Play! Pokémon Prize Pack Series Five;Play! Pokémon Packs Récompense Cinquième Série;Play-Pokmon-Prize-Pack-Series-Five
5861;Raid Battle;Raid Battle;Raid Battle;Raid-Battle
5863;Metagross Constructed Starter Deck;Metagross Constructed Starter Deck;Metagross Constructed Starter Deck;Metagross-Constructed-Starter-Deck
5864;Undone Seal;Undone Seal;Undone Seal;Undone-Seal
5865;Gift Box Latios ex;Gift Box Latios ex;Gift Box Latios ex;Gift-Box-Latios-ex
5866;Gift Box Latias ex;Gift Box Latias ex;Gift Box Latias ex;Gift-Box-Latias-ex
5867;Aqua Deck Kit;Aqua Deck Kit;Aqua Deck Kit;Aqua-Deck-Kit
5868;Magma Deck Kit;Magma Deck Kit;Magma Deck Kit;Magma-Deck-Kit
5869;Magma VS Aqua: Two Ambitions;Magma VS Aqua: Two Ambitions;Magma VS Aqua: Two Ambitions;Magma-VS-Aqua-Two-Ambitions
5870;Salamence Constructed Starter Deck;Salamence Constructed Starter Deck;Salamence Constructed Starter Deck;Salamence-Constructed-Starter-Deck
5871;Flygon Constructed Starter Deck;Flygon Constructed Starter Deck;Flygon Constructed Starter Deck;Flygon-Constructed-Starter-Deck
5872;Rulers of the Heavens;Rulers of the Heavens;Rulers of the Heavens;Rulers-of-the-Heavens
5873;Miracle of the Desert;Miracle of the Desert;Miracle of the Desert;Miracle-of-the-Desert
5874;Mudkip Constructed Starter Deck;Mudkip Constructed Starter Deck;Mudkip Constructed Starter Deck;Mudkip-Constructed-Starter-Deck
5875;Torchic Constructed Starter Deck;Torchic Constructed Starter Deck;Torchic Constructed Starter Deck;Torchic-Constructed-Starter-Deck
5876;Treecko Constructed Starter Deck;Treecko Constructed Starter Deck;Treecko Constructed Starter Deck;Treecko-Constructed-Starter-Deck
5877;ADV Expansion Pack;ADV Expansion Pack;ADV Expansion Pack;ADV-Expansion-Pack
5879;Stürmische Funken;Surging Sparks;Étincelles Déferlantes;Surging-Sparks
5890;Kampfakademie 2024;Battle Academy 2024;Académie de Combat 2024;Battle-Academy-2024
5901;Super Electric Breaker;Super Electric Breaker;Super Electric Breaker;Super-Electric-Breaker
5914;M Master Deck Build Box Speed Style;M Master Deck Build Box Speed Style;M Master Deck Build Box Speed Style;M-Master-Deck-Build-Box-Speed-Style
5915;M Master Deck Build Box Power Style;M Master Deck Build Box Power Style;M Master Deck Build Box Power Style;M-Master-Deck-Build-Box-Power-Style
5927;Generations Start Decks;Generations Start Decks;Generations Start Decks;Generations-Start-Decks
5928;Terastal Festival ex;Terastal Festival ex;Terastal Festival ex;Terastal-Festival-ex
5944;Prismatische Entwicklungen;Prismatic Evolutions;Évolutions Prismatiques;Prismatic-Evolutions
5960;Traditional Chinese Products;Traditional Chinese Products;Traditional Chinese Products;Traditional-Chinese-Products
5978;McDonald's Dragon Discovery;McDonald's Dragon Discovery;McDonald's Dragon Discovery;McDonalds-Dragon-Discovery
5992;WCD 2024;WCD 2024;WCD 2024;WCD-2024
5996;Battle Partners;Battle Partners;Battle Partners;Battle-Partners
5997;Battle Partners Deck Build Box;Battle Partners Deck Build Box;Battle Partners Deck Build Box;Battle-Partners-Deck-Build-Box
6001;Gem Pack;Gem Pack;Gem Pack;Gem-Pack
6006;Reisegefährten;Journey Together;Aventures Ensemble;Journey-Together
6009;Prismatische Entwicklungen: Ergänzungen;Prismatic Evolutions: Additionals;Évolutions Prismatiques: Suppléments;Prismatic-Evolutions-Additionals
6016;Starter Set ex Marnie's Morpeko &amp; Grimmsnarl ex;Starter Set ex Marnie's Morpeko &amp; Grimmsnarl ex;Starter Set ex Marnie's Morpeko &amp; Grimmsnarl ex;Starter-Set-ex-Marnies-Morpeko-amp-Grimmsnarl-ex
6017;Starter Set ex Steven's Beldum &amp; Metagross ex;Starter Set ex Steven's Beldum &amp; Metagross ex;Starter Set ex Steven's Beldum &amp; Metagross ex;Starter-Set-ex-Stevens-Beldum-amp-Metagross-ex
6037;Heat Wave Arena;Heat Wave Arena;Heat Wave Arena;Heat-Wave-Arena
6041;Play! Pokémon Preispack Serie 6;Play! Pokémon Prize Pack Series Six;Play! Pokémon Packs Récompense Sixième Série;Play-Pokmon-Prize-Pack-Series-Six
6088;Reisegefährten: Ergänzungen;Journey Together: Additionals;Aventures Ensemble: Suppléments;Journey-Together-Additionals
6092;The Glory of Team Rocket;The Glory of Team Rocket;The Glory of Team Rocket;The-Glory-of-Team-Rocket
6096;Ewige Rivalen;Destined Rivals;Rivalités Destinées;Destined-Rivals
6099;Collect 151;Collect 151;Collect 151;Collect-151
6110;Fearless Terastal;Fearless Terastal;Fearless Terastal;Fearless-Terastal
6111;Gem Pack Vol. 2;Gem Pack Vol. 2;Gem Pack Vol. 2;Gem-Pack-Vol-2
6121;Miracle Journey;Miracle Journey;Miracle Journey;Miracle-Journey
6127;Scarlet &amp; Violet Indonesian Promos;Scarlet &amp; Violet Indonesian Promos;Scarlet &amp; Violet Indonesian Promos;Scarlet-amp-Violet-Indonesian-Promos
6128;Scarlet &amp; Violet Thai Promos;Scarlet &amp; Violet Thai Promos;Scarlet &amp; Violet Thai Promos;Scarlet-amp-Violet-Thai-Promos
6130;Black Bolt JP;Black Bolt JP;Black Bolt JP;Black-Bolt-JP
6131;White Flare JP;White Flare JP;White Flare JP;White-Flare-JP
6134;Schwarze Blitze;Black Bolt;Foudre Noire;Black-Bolt
6135;Weiße Flammen;White Flare;Flamme Blanche;White-Flare
6140;Ewige Rivalen: Ergänzungen;Destined Rivals: Additionals;Rivalités Destinées: Suppléments;Destined-Rivals-Additionals
6168;Adventure Special Pack;Adventure Special Pack;Adventure Special Pack;Adventure-Special-Pack
6169;Bonus Round;Bonus Round;Bonus Round;Bonus-Round
6189;Mega Brave;Mega Brave;Mega Brave;Mega-Brave
6190;Mega Symphonia;Mega Symphonia;Mega Symphonia;Mega-Symphonia
6193;Eternal Birth;Eternal Birth;Eternal Birth;Eternal-Birth
6194;WCD 2023;WCD 2023;WCD 2023;WCD-2023
6197;Schwarze Blitze: Ergänzungen;Black Bolt: Additionals;Foudre Noire: Suppléments;Black-Bolt-Additionals
6198;Weiße Flammen: Ergänzungen;White Flare: Additionals;Flamme Blanche: Suppléments;White-Flare-Additionals
6199;Kampfakademie 2022;Battle Academy 2022;Académie de Combat 2022;Battle-Academy-2022
6200;Kampfakademie 2020;Battle Academy 2020;Académie de Combat 2020;Battle-Academy-2020
6203;WCD 2022;WCD 2022;WCD 2022;WCD-2022
6204;Nine Colors Gathering - Friends;Nine Colors Gathering - Friends;Nine Colors Gathering - Friends;Nine-Colors-Gathering-Friends
6205;Nine Colors Gathering - Origin;Nine Colors Gathering - Origin;Nine Colors Gathering - Origin;Nine-Colors-Gathering-Origin
6209;Mega-Entwicklung;Mega Evolution;Méga-Évolution;Mega-Evolution
6214;Play! Pokémon Preispack Serie 7;Play! Pokémon Prize Pack Series Seven;Play! Pokémon Packs Récompense Septième Série;Play-Pokmon-Prize-Pack-Series-Seven
6219;Pokémon Card 151: Ergänzungen;Pokémon Card 151: Additionals;Pokémon Card 151: Suppléments;Pokmon-Card-151-Additionals
6220;Terastal Festival ex: Ergänzungen;Terastal Festival ex: Additionals;Terastal Festival ex: Suppléments;Terastal-Festival-ex-Additionals
6222;Black Bolt JP: Ergänzungen;Black Bolt JP: Additionals;Black Bolt JP: Suppléments;Black-Bolt-JP-Additionals
6223;White Flare JP: Ergänzungen;White Flare JP: Additionals;White Flare JP: Suppléments;White-Flare-JP-Additionals
6230;M-P Promos;M-P Promos;M-P Promos;M-P-Promos
6231;Mega-Entwicklung Produkte;Mega Evolution Products;Produits Méga-Évolution;Mega-Evolution-Products
6232;MEP Black Star Promos;MEP Black Star Promos;MEP Black Star Promos;MEP-Black-Star-Promos
6237;Dark Crystal Blaze;Dark Crystal Blaze;Dark Crystal Blaze;Dark-Crystal-Blaze
6239;Premium Trainer Box MEGA;Premium Trainer Box MEGA;Premium Trainer Box MEGA;Premium-Trainer-Box-MEGA
6247;Victory Star Guide;Victory Star Guide;Victory Star Guide;Victory-Star-Guide
6248;Shadow of Glory;Shadow of Glory;Shadow of Glory;Shadow-of-Glory
6249;Azure Shadow - Roar;Azure Shadow - Roar;Azure Shadow - Roar;Azure-Shadow-Roar
6250;Azure Shadow - Pursuit;Azure Shadow - Pursuit;Azure Shadow - Pursuit;Azure-Shadow-Pursuit
6252;Final Flame Dance;Final Flame Dance;Final Flame Dance;Final-Flame-Dance
6257;Brave Stars - Charm;Brave Stars - Charm;Brave Stars - Charm;Brave-Stars-Charm
6258;Brave Stars - Brave;Brave Stars - Brave;Brave Stars - Brave;Brave-Stars-Brave
6259;MEGA Starter Set Mega Gengar ex;MEGA Starter Set Mega Gengar ex;MEGA Starter Set Mega Gengar ex;MEGA-Starter-Set-Mega-Gengar-ex
6260;MEGA Starter Set Mega Diancie ex;MEGA Starter Set Mega Diancie ex;MEGA Starter Set Mega Diancie ex;MEGA-Starter-Set-Mega-Diancie-ex
6265;Scorching Skies;Scorching Skies;Scorching Skies;Scorching-Skies
6266;Primordial Arts - Overgrow;Primordial Arts - Overgrow;Primordial Arts - Overgrow;Primordial-Arts-Overgrow
6267;Primordial Arts - Torrent;Primordial Arts - Torrent;Primordial Arts - Torrent;Primordial-Arts-Torrent
6272;Radiant Energy Vol. 1;Radiant Energy Vol. 1;Radiant Energy Vol. 1;Radiant-Energy-Vol-1
6273;Radiant Energy Vol. 2;Radiant Energy Vol. 2;Radiant Energy Vol. 2;Radiant-Energy-Vol-2
6274;Radiant Energy Vol. 3;Radiant Energy Vol. 3;Radiant Energy Vol. 3;Radiant-Energy-Vol-3
6275;Return of the Dragon;Return of the Dragon;Return of the Dragon;Return-of-the-Dragon
6276;Brilliant Counterattack;Brilliant Counterattack;Brilliant Counterattack;Brilliant-Counterattack
6279;Vivid Portrayals - Obsidian;Vivid Portrayals - Obsidian;Vivid Portrayals - Obsidian;Vivid-Portrayals-Obsidian
6281;Vivid Portrayals - Indigo;Vivid Portrayals - Indigo;Vivid Portrayals - Indigo;Vivid-Portrayals-Indigo
6287;Black &amp; White ID/TH;Black &amp; White ID/TH;Black &amp; White ID/TH;Black-amp-White-IDTH
6288;Dynamax Tactics;Dynamax Tactics;Dynamax Tactics;Dynamax-Tactics
6290;Mega-Entwicklung: Ergänzungen;Mega Evolution: Additionals;Méga-Évolution: Suppléments;Mega-Evolution-Additionals
6291;Inferno X;Inferno X;Inferno X;Inferno-X
6292;Gem Pack Vol. 3;Gem Pack Vol. 3;Gem Pack Vol. 3;Gem-Pack-Vol-3
6297;Dynamax Clash - Thunder;Dynamax Clash - Thunder;Dynamax Clash - Thunder;Dynamax-Clash-Thunder
6298;Dynamax Clash - Flame;Dynamax Clash - Flame;Dynamax Clash - Flame;Dynamax-Clash-Flame
6299;Fatale Flammen;Phantasmal Flames;Flammes Fantasmagoriques;Phantasmal-Flames
6300;Fatale Flammen: Ergänzungen;Phantasmal Flames: Additionals;Flammes Fantasmagoriques: Suppléments;Phantasmal-Flames-Additionals
6301;Giratina VSTAR Deck Building Gift Box;Giratina VSTAR Deck Building Gift Box;Giratina VSTAR Deck Building Gift Box;Giratina-VSTAR-Deck-Building-Gift-Box
6302;Pokémon Art Illustration Celebration Gathering;Pokémon Art Illustration Celebration Gathering;Pokémon Art Illustration Celebration Gathering;Pokmon-Art-Illustration-Celebration-Gathering
6303;Quicksand Card Display Pendant Gift Box;Quicksand Card Display Pendant Gift Box;Quicksand Card Display Pendant Gift Box;Quicksand-Card-Display-Pendant-Gift-Box
6309;Happy Combo Altaria &amp; Latios &amp; Infernape &amp; Maushold;Happy Combo Altaria &amp; Latios &amp; Infernape &amp; Maushold;Happy Combo Altaria &amp; Latios &amp; Infernape &amp; Maushold;Happy-Combo-Altaria-amp-Latios-amp-Infernape-amp-Maushold
6310;Battle Party Dream Vol. 1;Battle Party Dream Vol. 1;Battle Party Dream Vol. 1;Battle-Party-Dream-Vol-1
6311;Battle Party Dream Together;Battle Party Dream Together;Battle Party Dream Together;Battle-Party-Dream-Together
6313;Striking Competition;Striking Competition;Striking Competition;Striking-Competition
6314;Battle Elite;Battle Elite;Battle Elite;Battle-Elite
6319;Shining Synergy - Shower;Shining Synergy - Shower;Shining Synergy - Shower;Shining-Synergy-Shower
6320;Shining Synergy - Supreme;Shining Synergy - Supreme;Shining Synergy - Supreme;Shining-Synergy-Supreme
6321;Shining Synergy - Summon;Shining Synergy - Summon;Shining Synergy - Summon;Shining-Synergy-Summon
6324;Mega-Entwicklung Energien;Mega Evolution Energies;Énergies Méga-Évolution;Mega-Evolution-Energies
6328;Scarlet &amp; Violet Simplified Chinese Promos;Scarlet &amp; Violet Simplified Chinese Promos;Scarlet &amp; Violet Simplified Chinese Promos;Scarlet-amp-Violet-Simplified-Chinese-Promos
6329;Sword &amp; Shield Simplified Chinese Promos;Sword &amp; Shield Simplified Chinese Promos;Sword &amp; Shield Simplified Chinese Promos;Sword-amp-Shield-Simplified-Chinese-Promos
6330;Sun &amp; Moon Simplified Chinese Promos;Sun &amp; Moon Simplified Chinese Promos;Sun &amp; Moon Simplified Chinese Promos;Sun-amp-Moon-Simplified-Chinese-Promos
6334;Happy Combo Lucario &amp; Greninja &amp; Zamazenta &amp; Mabosstiff;Happy Combo Lucario &amp; Greninja &amp; Zamazenta &amp; Mabosstiff;Happy Combo Lucario &amp; Greninja &amp; Zamazenta &amp; Mabosstiff;Happy-Combo-Lucario-amp-Greninja-amp-Zamazenta-amp-Mabosstiff
6335;Happy Combo Pikachu &amp; Clefairy &amp; Turtwig &amp; Gimmighoul;Happy Combo Pikachu &amp; Clefairy &amp; Turtwig &amp; Gimmighoul;Happy Combo Pikachu &amp; Clefairy &amp; Turtwig &amp; Gimmighoul;Happy-Combo-Pikachu-amp-Clefairy-amp-Turtwig-amp-Gimmighoul
6341;Storming Emergence - Radiant;Storming Emergence - Radiant;Storming Emergence - Radiant;Storming-Emergence-Radiant
6342;Storming Emergence - Verdant;Storming Emergence - Verdant;Storming Emergence - Verdant;Storming-Emergence-Verdant
6343;Storming Emergence - Abundant;Storming Emergence - Abundant;Storming Emergence - Abundant;Storming-Emergence-Abundant
6347;Four-Party Connection Gift Box;Four-Party Connection Gift Box;Four-Party Connection Gift Box;Four-Party-Connection-Gift-Box
6348;Pikachu Legendary Celebration;Pikachu Legendary Celebration;Pikachu Legendary Celebration;Pikachu-Legendary-Celebration
6349;Pokémon Art Illustration Celebration Scene;Pokémon Art Illustration Celebration Scene;Pokémon Art Illustration Celebration Scene;Pokmon-Art-Illustration-Celebration-Scene
6350;Display Set Gift Box Gengar;Display Set Gift Box Gengar;Display Set Gift Box Gengar;Display-Set-Gift-Box-Gengar
6354;Sword &amp; Shield Trainer Collection Gift Box;Sword &amp; Shield Trainer Collection Gift Box;Sword &amp; Shield Trainer Collection Gift Box;Sword-amp-Shield-Trainer-Collection-Gift-Box
6355;Variety Treasure Box;Variety Treasure Box;Variety Treasure Box;Variety-Treasure-Box
6356;Pokémon Card Display Set Gift Box Eevee;Pokémon Card Display Set Gift Box Eevee;Pokémon Card Display Set Gift Box Eevee;Pokmon-Card-Display-Set-Gift-Box-Eevee
6357;Pokémon Card Display Set Gift Box Charizard;Pokémon Card Display Set Gift Box Charizard;Pokémon Card Display Set Gift Box Charizard;Pokmon-Card-Display-Set-Gift-Box-Charizard
6361;Travel Special Pack;Travel Special Pack;Travel Special Pack;Travel-Special-Pack
6362;True Mystery;True Mystery;True Mystery;True-Mystery
6366;Lillie's Support Gift Box;Lillie's Support Gift Box;Lillie's Support Gift Box;Lillies-Support-Gift-Box
6367;Eeveelutions GX Gift Box;Eeveelutions GX Gift Box;Eeveelutions GX Gift Box;Eeveelutions-GX-Gift-Box
6368;Arceus &amp; Dialga &amp; Palkia GX Premium Deck Building Box;Arceus &amp; Dialga &amp; Palkia GX Premium Deck Building Box;Arceus &amp; Dialga &amp; Palkia GX Premium Deck Building Box;Arceus-amp-Dialga-amp-Palkia-GX-Premium-Deck-Building-Box
6369;Shining Pokémon Poké Ball Box;Shining Pokémon Poké Ball Box;Shining Pokémon Poké Ball Box;Shining-Pokmon-Pok-Ball-Box
6380;MEGA Dream ex;MEGA Dream ex;MEGA Dream ex;MEGA-Dream-ex
6381;MEGA Start Deck 100 Battle Collection;MEGA Start Deck 100 Battle Collection;MEGA Start Deck 100 Battle Collection;MEGA-Start-Deck-100-Battle-Collection
6382;MEGA Start Deck 100 Battle Collection Corociao Version;MEGA Start Deck 100 Battle Collection Corociao Version;MEGA Start Deck 100 Battle Collection Corociao Version;MEGA-Start-Deck-100-Battle-Collection-Corociao-Version
6391;M-P Traditional Chinese Promos;M-P Traditional Chinese Promos;M-P Traditional Chinese Promos;M-P-Traditional-Chinese-Promos
6392;M-P Thai Promos;M-P Thai Promos;M-P Thai Promos;M-P-Thai-Promos
6393;M-P Indonesian Promos;M-P Indonesian Promos;M-P Indonesian Promos;M-P-Indonesian-Promos
6394;Mega Evolution ID/TH;Mega Evolution ID/TH;Mega Evolution ID/TH;Mega-Evolution-IDTH
6395;Erhabene Helden;Ascended Heroes;Héros Transcendants;Ascended-Heroes
6401;Eevee Advanced Gift Box;Eevee Advanced Gift Box;Eevee Advanced Gift Box;Eevee-Advanced-Gift-Box
6406;Meowth's Little Tricks;Meowth's Little Tricks;Meowth's Little Tricks;Meowths-Little-Tricks
6409;MEGA Dream ex: Ergänzungen;MEGA Dream ex: Additionals;MEGA Dream ex: Suppléments;MEGA-Dream-ex-Additionals
6413;Presence of Champions;Presence of Champions;Presence of Champions;Presence-of-Champions
6415;Bonds of Destiny;Bonds of Destiny;Bonds of Destiny;Bonds-of-Destiny
6416;Blade Awakening;Blade Awakening;Blade Awakening;Blade-Awakening
6417;Indigo Flame;Indigo Flame;Indigo Flame;Indigo-Flame
6419;Stellar Lightning;Stellar Lightning;Stellar Lightning;Stellar-Lightning
6425;Play! Pokémon Preispack Serie 8;Play! Pokémon Prize Pack Series Eight;Play! Pokémon Packs Récompense Huitième Série;Play-Pokmon-Prize-Pack-Series-Eight
6427;Nihil Zero;Nihil Zero;Nihil Zero;Nihil-Zero
6442;Master Strategy Deck Building Sets;Master Strategy Deck Building Sets;Master Strategy Deck Building Sets;Master-Strategy-Deck-Building-Sets
6447;Gem Pack Vol. 4;Gem Pack Vol. 4;Gem Pack Vol. 4;Gem-Pack-Vol-4
6455;Erhabene Helden: Ergänzungen;Ascended Heroes: Additionals;Héros Transcendants: Suppléments;Ascended-Heroes-Additionals
6509;Beginning Set Plus;Beginning Set Plus;Beginning Set Plus;Beginning-Set-Plus
6510;Beginning Set Pikachu;Beginning Set Pikachu;Beginning Set Pikachu;Beginning-Set-Pikachu
